"symbol","disease","tissue_general","samples","cito","Pathway","Variant_Classification"
"CCNE1","Osteosarcoma","PRIMARY","sarc-sg001-01-000-000,sarc-sg036-01-000-000,sarc-sg039-01-000-000,sarc-sg043-01-000-000,sarc-sg044-01-000-000,sgit-st017-01-000-000,sgit-st019-01-000-000,sgit-st031-01-000-000,sgit-st047-01-000-000,sgit-st049-01-000-000,sgit-st057-01-000-000,sgit-st058-01-000-000,sgit-st064-01-000-000,sgit-st072-01-000-000,sgit-st081-01-000-000,sgit-st082-01-000-000,sgit-st096-01-000-000","19q12","Cell_cycle","Amp"
"RB1","Osteosarcoma","PRIMARY","sarc-sg001-01-000-000,sarc-sg007-01-000-000,sarc-sg036-01-000-000,sarc-sg039-01-000-000,sarc-sg043-01-000-000,sarc-sg044-01-000-000,sarc-sg051-01-000-000,sarc-sg092-01-000-000,sgit-st006-01-000-000,sgit-st012-01-000-000,sgit-st018-01-000-000,sgit-st019-01-000-000,sgit-st034-01-000-000,sgit-st042-01-000-000,sgit-st045-01-000-000,sgit-st046-01-000-000,sgit-st047-01-000-000,sgit-st049-01-000-000,sgit-st058-01-000-000,sgit-st064-01-000-000,sgit-st066-01-000-000,sgit-st071-01-000-000,sgit-st072-01-000-000,sgit-st082-01-000-000,sgit-st090-01-000-000,sgit-st096-01-000-000,sgit-st097-01-000-000,sgit-st115-01-000-000","13q14.3","Cell_cycle","Del"
"LLGL1","Osteosarcoma","PRIMARY","sarc-sg036-01-000-000,sarc-sg039-01-000-000,sarc-sg043-01-000-000,sarc-sg044-01-000-000,sarc-sg047-01-000-000,sarc-sg051-01-000-000,sarc-sg092-01-000-000,sgit-st012-01-000-000,sgit-st017-01-000-000,sgit-st019-01-000-000,sgit-st031-01-000-000,sgit-st034-01-000-000,sgit-st042-01-000-000,sgit-st046-01-000-000,sgit-st049-01-000-000,sgit-st058-01-000-000,sgit-st064-01-000-000,sgit-st066-01-000-000,sgit-st072-01-000-000,sgit-st081-01-000-000,sgit-st082-01-000-000,sgit-st090-01-000-000,sgit-st096-01-000-000","17p11.2","HIPPO","Amp"
"APH1A","Osteosarcoma","PRIMARY","sarc-sg001-01-000-000,sarc-sg007-01-000-000,sarc-sg026-01-000-000,sarc-sg036-01-000-000,sarc-sg039-01-000-000,sarc-sg043-01-000-000,sarc-sg044-01-000-000,sarc-sg051-01-000-000,sarc-sg092-01-000-000,sgit-st012-01-000-000,sgit-st017-01-000-000,sgit-st019-01-000-000,sgit-st034-01-000-000,sgit-st042-01-000-000,sgit-st046-01-000-000,sgit-st047-01-000-000,sgit-st049-01-000-000,sgit-st057-01-000-000,sgit-st058-01-000-000,sgit-st066-01-000-000,sgit-st072-01-000-000,sgit-st081-01-000-000,sgit-st090-01-000-000,sgit-st095-01-000-000,sgit-st096-01-000-000,sgit-st097-01-000-000,sgit-st115-01-000-000","1q21.3","NOTCH","Amp"
"DNER","Osteosarcoma","PRIMARY","sarc-sg001-01-000-000,sarc-sg007-01-000-000,sarc-sg026-01-000-000,sarc-sg036-01-000-000,sarc-sg039-01-000-000,sarc-sg043-01-000-000,sarc-sg044-01-000-000,sarc-sg051-01-000-000,sgit-st006-01-000-000,sgit-st017-01-000-000,sgit-st018-01-000-000,sgit-st034-01-000-000,sgit-st046-01-000-000,sgit-st047-01-000-000,sgit-st049-01-000-000,sgit-st058-01-000-000,sgit-st066-01-000-000,sgit-st072-01-000-000,sgit-st081-01-000-000,sgit-st082-01-000-000,sgit-st090-01-000-000,sgit-st097-01-000-000","2q37.1","NOTCH","Del"
"PSEN2","Osteosarcoma","PRIMARY","sarc-sg007-01-000-000,sarc-sg036-01-000-000,sarc-sg039-01-000-000,sarc-sg043-01-000-000,sarc-sg044-01-000-000,sarc-sg051-01-000-000,sgit-st019-01-000-000,sgit-st034-01-000-000,sgit-st047-01-000-000,sgit-st049-01-000-000,sgit-st058-01-000-000,sgit-st066-01-000-000,sgit-st072-01-000-000,sgit-st082-01-000-000","1q43","NOTCH","Del"
"AKT3","Osteosarcoma","PRIMARY","sarc-sg007-01-000-000,sarc-sg036-01-000-000,sarc-sg039-01-000-000,sarc-sg043-01-000-000,sarc-sg044-01-000-000,sarc-sg051-01-000-000,sgit-st019-01-000-000,sgit-st034-01-000-000,sgit-st047-01-000-000,sgit-st049-01-000-000,sgit-st058-01-000-000,sgit-st066-01-000-000,sgit-st072-01-000-000,sgit-st082-01-000-000","1q43","PI3K","Del"
"PIK3R2","Osteosarcoma","PRIMARY","sarc-sg001-01-000-000,sarc-sg039-01-000-000,sarc-sg044-01-000-000,sgit-st006-01-000-000,sgit-st012-01-000-000,sgit-st017-01-000-000,sgit-st018-01-000-000,sgit-st034-01-000-000,sgit-st047-01-000-000,sgit-st049-01-000-000,sgit-st071-01-000-000,sgit-st081-01-000-000,sgit-st090-01-000-000","19p12","PI3K","Del"
"IRS1","Osteosarcoma","PRIMARY","sarc-sg001-01-000-000,sarc-sg007-01-000-000,sarc-sg026-01-000-000,sarc-sg036-01-000-000,sarc-sg039-01-000-000,sarc-sg043-01-000-000,sarc-sg044-01-000-000,sarc-sg051-01-000-000,sgit-st006-01-000-000,sgit-st017-01-000-000,sgit-st018-01-000-000,sgit-st034-01-000-000,sgit-st046-01-000-000,sgit-st047-01-000-000,sgit-st049-01-000-000,sgit-st058-01-000-000,sgit-st066-01-000-000,sgit-st072-01-000-000,sgit-st081-01-000-000,sgit-st082-01-000-000,sgit-st090-01-000-000,sgit-st097-01-000-000","2q37.1","RTK-RAS","Del"
"KSR1","Osteosarcoma","PRIMARY","sarc-sg036-01-000-000,sarc-sg039-01-000-000,sarc-sg043-01-000-000,sarc-sg044-01-000-000,sarc-sg047-01-000-000,sarc-sg051-01-000-000,sarc-sg092-01-000-000,sgit-st012-01-000-000,sgit-st017-01-000-000,sgit-st019-01-000-000,sgit-st031-01-000-000,sgit-st034-01-000-000,sgit-st042-01-000-000,sgit-st046-01-000-000,sgit-st049-01-000-000,sgit-st058-01-000-000,sgit-st064-01-000-000,sgit-st066-01-000-000,sgit-st072-01-000-000,sgit-st081-01-000-000,sgit-st082-01-000-000,sgit-st090-01-000-000,sgit-st096-01-000-000","17p11.2","RTK-RAS","Amp"
"TP53","Osteosarcoma","PRIMARY","sarc-sg001-01-000-000,sarc-sg007-01-000-000,sarc-sg036-01-000-000,sarc-sg043-01-000-000,sarc-sg044-01-000-000,sgit-st017-01-000-000,sgit-st019-01-000-000,sgit-st034-01-000-000,sgit-st064-01-000-000,sgit-st066-01-000-000,sgit-st071-01-000-000,sgit-st081-01-000-000,sgit-st095-01-000-000","17p13.1","TP53","Del"
"WNT3A","Osteosarcoma","PRIMARY","sarc-sg007-01-000-000,sarc-sg036-01-000-000,sarc-sg039-01-000-000,sarc-sg043-01-000-000,sarc-sg044-01-000-000,sarc-sg051-01-000-000,sgit-st019-01-000-000,sgit-st034-01-000-000,sgit-st047-01-000-000,sgit-st049-01-000-000,sgit-st058-01-000-000,sgit-st066-01-000-000,sgit-st072-01-000-000,sgit-st082-01-000-000","1q43","WNT","Del"
"WNT9A","Osteosarcoma","PRIMARY","sarc-sg007-01-000-000,sarc-sg036-01-000-000,sarc-sg039-01-000-000,sarc-sg043-01-000-000,sarc-sg044-01-000-000,sarc-sg051-01-000-000,sgit-st019-01-000-000,sgit-st034-01-000-000,sgit-st047-01-000-000,sgit-st049-01-000-000,sgit-st058-01-000-000,sgit-st066-01-000-000,sgit-st072-01-000-000,sgit-st082-01-000-000","1q43","WNT","Del"
"CCND3","Osteosarcoma","RECURRENT","sarc-sg029-01-000-000,sgit-st026-01-000-000,sgit-st100-01-000-001,sgit-st101-01-000-000,sgit-st102-01-000-100,sgit-st103-01-000-000,sgit-st114-01-000-000","6p21.1","Cell_cycle","Amp"
"YAP1","Osteosarcoma","RECURRENT","sarc-sg029-01-000-000,sgit-st085-01-000-000,sgit-st103-01-000-000,sgit-st114-01-000-000","11q22.2","HIPPO","Amp"
"CCND1","Ewing's Sarcoma","PRIMARY","sgit-st079-01-000-000,sgit-st080-01-000-000,sgit-st083-01-000-000","11p15.5","Cell_cycle","Del"
"CDK6","Ewing's Sarcoma","PRIMARY","sarc-sg061-01-000-000,sgit-st021-01-000-000,sgit-st079-01-000-000,sgit-st080-01-000-000,sgit-st083-01-000-000","7p22.2","Cell_cycle","Del"
"CDKN2A","Ewing's Sarcoma","PRIMARY","sgit-st079-01-000-000,sgit-st080-01-000-000","9q34.13","Cell_cycle","Del"
"CDKN2B","Ewing's Sarcoma","PRIMARY","sgit-st079-01-000-000,sgit-st080-01-000-000","9q34.13","Cell_cycle","Del"
"E2F1","Ewing's Sarcoma","PRIMARY","sarc-sg061-01-000-000,sgit-st079-01-000-000,sgit-st080-01-000-000,sgit-st083-01-000-000","20q13.33","Cell_cycle","Del"
"CRB2","Ewing's Sarcoma","PRIMARY","sgit-st079-01-000-000,sgit-st080-01-000-000","9q34.13","HIPPO","Del"
"CSNK1D","Ewing's Sarcoma","PRIMARY","sarc-sg050-01-000-000,sarc-sg061-01-000-000,sgit-st079-01-000-000,sgit-st080-01-000-000,sgit-st083-01-000-000","17q25.3","HIPPO","Del"
"DCHS1","Ewing's Sarcoma","PRIMARY","sgit-st079-01-000-000,sgit-st080-01-000-000,sgit-st083-01-000-000","11p15.5","HIPPO","Del"
"FAT3","Ewing's Sarcoma","PRIMARY","sgit-st079-01-000-000,sgit-st080-01-000-000,sgit-st083-01-000-000","11p15.5","HIPPO","Del"
"STK4","Ewing's Sarcoma","PRIMARY","sarc-sg061-01-000-000,sgit-st079-01-000-000,sgit-st080-01-000-000,sgit-st083-01-000-000","20q13.33","HIPPO","Del"
"TAOK2","Ewing's Sarcoma","PRIMARY","sarc-sg061-01-000-000,sgit-st079-01-000-000,sgit-st080-01-000-000,sgit-st083-01-000-000","16p13.3","HIPPO","Del"
"TAOK2","Ewing's Sarcoma","PRIMARY","sarc-sg050-01-000-000,sarc-sg061-01-000-000,sgit-st052-01-000-000,sgit-st079-01-000-000,sgit-st080-01-000-000,sgit-st083-01-000-000,sgit-st110-01-000-000","16q24.3","HIPPO","Del"
"TAOK2","Ewing's Sarcoma","PRIMARY","sarc-sg061-01-000-000,sgit-st079-01-000-000,sgit-st080-01-000-000,sgit-st083-01-000-000","16p13.3","HIPPO","Del"
"TAOK2","Ewing's Sarcoma","PRIMARY","sarc-sg050-01-000-000,sarc-sg061-01-000-000,sgit-st052-01-000-000,sgit-st079-01-000-000,sgit-st080-01-000-000,sgit-st083-01-000-000,sgit-st110-01-000-000","16q24.3","HIPPO","Del"
"TAOK3","Ewing's Sarcoma","PRIMARY","sgit-st027-01-000-000,sgit-st035-01-000-000,sgit-st052-01-000-000,sgit-st080-01-000-000,sgit-st091-01-000-000,sgit-st099-01-000-000,sgit-st116-01-000-000","12q24.31","HIPPO","Amp"
"TEAD1","Ewing's Sarcoma","PRIMARY","sgit-st079-01-000-000,sgit-st080-01-000-000,sgit-st083-01-000-000","11p15.5","HIPPO","Del"
"YAP1","Ewing's Sarcoma","PRIMARY","sgit-st079-01-000-000,sgit-st080-01-000-000,sgit-st083-01-000-000","11p15.5","HIPPO","Del"
"MLXIP","Ewing's Sarcoma","PRIMARY","sgit-st027-01-000-000,sgit-st035-01-000-000,sgit-st052-01-000-000,sgit-st080-01-000-000,sgit-st091-01-000-000,sgit-st099-01-000-000,sgit-st116-01-000-000","12q24.31","MYC","Amp"
"MLXIPL","Ewing's Sarcoma","PRIMARY","sarc-sg061-01-000-000,sgit-st021-01-000-000,sgit-st079-01-000-000,sgit-st080-01-000-000,sgit-st083-01-000-000","7p22.2","MYC","Del"
"ARRDC1","Ewing's Sarcoma","PRIMARY","sgit-st079-01-000-000,sgit-st080-01-000-000","9q34.13","NOTCH","Del"
"CNTN1","Ewing's Sarcoma","PRIMARY","sgit-st052-01-000-000,sgit-st099-01-000-000,sgit-st110-01-000-000,sgit-st116-01-000-000","12q12","NOTCH","Del"
"CREBBP","Ewing's Sarcoma","PRIMARY","sarc-sg061-01-000-000,sgit-st079-01-000-000,sgit-st080-01-000-000,sgit-st083-01-000-000","16p13.3","NOTCH","Del"
"CREBBP","Ewing's Sarcoma","PRIMARY","sarc-sg050-01-000-000,sarc-sg061-01-000-000,sgit-st052-01-000-000,sgit-st079-01-000-000,sgit-st080-01-000-000,sgit-st083-01-000-000,sgit-st110-01-000-000","16q24.3","NOTCH","Del"
"CREBBP","Ewing's Sarcoma","PRIMARY","sarc-sg061-01-000-000,sgit-st079-01-000-000,sgit-st080-01-000-000,sgit-st083-01-000-000","16p13.3","NOTCH","Del"
"CREBBP","Ewing's Sarcoma","PRIMARY","sarc-sg050-01-000-000,sarc-sg061-01-000-000,sgit-st052-01-000-000,sgit-st079-01-000-000,sgit-st080-01-000-000,sgit-st083-01-000-000,sgit-st110-01-000-000","16q24.3","NOTCH","Del"
"DTX1","Ewing's Sarcoma","PRIMARY","sgit-st027-01-000-000,sgit-st035-01-000-000,sgit-st052-01-000-000,sgit-st080-01-000-000,sgit-st091-01-000-000,sgit-st099-01-000-000,sgit-st116-01-000-000","12q24.31","NOTCH","Amp"
"DTX2","Ewing's Sarcoma","PRIMARY","sarc-sg061-01-000-000,sgit-st021-01-000-000,sgit-st079-01-000-000,sgit-st080-01-000-000,sgit-st083-01-000-000","7p22.2","NOTCH","Del"
"DTX4","Ewing's Sarcoma","PRIMARY","sgit-st079-01-000-000,sgit-st080-01-000-000,sgit-st083-01-000-000","11p15.5","NOTCH","Del"
"EGFL7","Ewing's Sarcoma","PRIMARY","sgit-st079-01-000-000,sgit-st080-01-000-000","9q34.13","NOTCH","Del"
"HDAC1","Ewing's Sarcoma","PRIMARY","sgit-st079-01-000-000,sgit-st080-01-000-000,sgit-st083-01-000-000","1p36.33","NOTCH","Del"
"HES2","Ewing's Sarcoma","PRIMARY","sgit-st079-01-000-000,sgit-st080-01-000-000,sgit-st083-01-000-000","1p36.33","NOTCH","Del"
"HES3","Ewing's Sarcoma","PRIMARY","sgit-st079-01-000-000,sgit-st080-01-000-000,sgit-st083-01-000-000","1p36.33","NOTCH","Del"
"HES4","Ewing's Sarcoma","PRIMARY","sgit-st079-01-000-000,sgit-st080-01-000-000,sgit-st083-01-000-000","1p36.33","NOTCH","Del"
"HES5","Ewing's Sarcoma","PRIMARY","sgit-st079-01-000-000,sgit-st080-01-000-000,sgit-st083-01-000-000","1p36.33","NOTCH","Del"
"HEYL","Ewing's Sarcoma","PRIMARY","sgit-st079-01-000-000,sgit-st080-01-000-000,sgit-st083-01-000-000","1p36.33","NOTCH","Del"
"ITCH","Ewing's Sarcoma","PRIMARY","sarc-sg061-01-000-000,sgit-st079-01-000-000,sgit-st080-01-000-000,sgit-st083-01-000-000","20q13.33","NOTCH","Del"
"JAG1","Ewing's Sarcoma","PRIMARY","sarc-sg061-01-000-000,sgit-st079-01-000-000,sgit-st080-01-000-000,sgit-st083-01-000-000","20q13.33","NOTCH","Del"
"LFNG","Ewing's Sarcoma","PRIMARY","sarc-sg061-01-000-000,sgit-st021-01-000-000,sgit-st079-01-000-000,sgit-st080-01-000-000,sgit-st083-01-000-000","7p22.2","NOTCH","Del"
"MAML2","Ewing's Sarcoma","PRIMARY","sgit-st079-01-000-000,sgit-st080-01-000-000,sgit-st083-01-000-000","11p15.5","NOTCH","Del"
"MFAP2","Ewing's Sarcoma","PRIMARY","sgit-st079-01-000-000,sgit-st080-01-000-000,sgit-st083-01-000-000","1p36.33","NOTCH","Del"
"NCOR2","Ewing's Sarcoma","PRIMARY","sgit-st027-01-000-000,sgit-st035-01-000-000,sgit-st052-01-000-000,sgit-st080-01-000-000,sgit-st091-01-000-000,sgit-st099-01-000-000,sgit-st116-01-000-000","12q24.31","NOTCH","Amp"
"NOTCH1","Ewing's Sarcoma","PRIMARY","sgit-st079-01-000-000,sgit-st080-01-000-000","9q34.13","NOTCH","Del"
"NOTCH3","Ewing's Sarcoma","PRIMARY","sarc-sg050-01-000-000,sarc-sg061-01-000-000,sgit-st021-01-000-000,sgit-st033-01-000-000,sgit-st052-01-000-000,sgit-st079-01-000-000,sgit-st080-01-000-000,sgit-st083-01-000-000,sgit-st099-01-000-000","19p13.2","NOTCH","Del"
"NRARP","Ewing's Sarcoma","PRIMARY","sgit-st079-01-000-000,sgit-st080-01-000-000","9q34.13","NOTCH","Del"
"RBPJL","Ewing's Sarcoma","PRIMARY","sarc-sg061-01-000-000,sgit-st079-01-000-000,sgit-st080-01-000-000,sgit-st083-01-000-000","20q13.33","NOTCH","Del"
"RFNG","Ewing's Sarcoma","PRIMARY","sarc-sg050-01-000-000,sarc-sg061-01-000-000,sgit-st079-01-000-000,sgit-st080-01-000-000,sgit-st083-01-000-000","17q25.3","NOTCH","Del"
"SPEN","Ewing's Sarcoma","PRIMARY","sgit-st079-01-000-000,sgit-st080-01-000-000,sgit-st083-01-000-000","1p36.33","NOTCH","Del"
"KEAP1","Ewing's Sarcoma","PRIMARY","sarc-sg050-01-000-000,sarc-sg061-01-000-000,sgit-st021-01-000-000,sgit-st033-01-000-000,sgit-st052-01-000-000,sgit-st079-01-000-000,sgit-st080-01-000-000,sgit-st083-01-000-000,sgit-st099-01-000-000","19p13.2","NRF2","Del"
"MAPKAP1","Ewing's Sarcoma","PRIMARY","sgit-st079-01-000-000,sgit-st080-01-000-000","9q34.13","PI3K","Del"
"MLST8","Ewing's Sarcoma","PRIMARY","sarc-sg061-01-000-000,sgit-st079-01-000-000,sgit-st080-01-000-000,sgit-st083-01-000-000","16p13.3","PI3K","Del"
"MLST8","Ewing's Sarcoma","PRIMARY","sarc-sg050-01-000-000,sarc-sg061-01-000-000,sgit-st052-01-000-000,sgit-st079-01-000-000,sgit-st080-01-000-000,sgit-st083-01-000-000,sgit-st110-01-000-000","16q24.3","PI3K","Del"
"MLST8","Ewing's Sarcoma","PRIMARY","sarc-sg061-01-000-000,sgit-st079-01-000-000,sgit-st080-01-000-000,sgit-st083-01-000-000","16p13.3","PI3K","Del"
"MLST8","Ewing's Sarcoma","PRIMARY","sarc-sg050-01-000-000,sarc-sg061-01-000-000,sgit-st052-01-000-000,sgit-st079-01-000-000,sgit-st080-01-000-000,sgit-st083-01-000-000,sgit-st110-01-000-000","16q24.3","PI3K","Del"
"MTOR","Ewing's Sarcoma","PRIMARY","sgit-st079-01-000-000,sgit-st080-01-000-000,sgit-st083-01-000-000","1p36.33","PI3K","Del"
"NPRL3","Ewing's Sarcoma","PRIMARY","sarc-sg061-01-000-000,sgit-st079-01-000-000,sgit-st080-01-000-000,sgit-st083-01-000-000","16p13.3","PI3K","Del"
"NPRL3","Ewing's Sarcoma","PRIMARY","sarc-sg050-01-000-000,sarc-sg061-01-000-000,sgit-st052-01-000-000,sgit-st079-01-000-000,sgit-st080-01-000-000,sgit-st083-01-000-000,sgit-st110-01-000-000","16q24.3","PI3K","Del"
"NPRL3","Ewing's Sarcoma","PRIMARY","sarc-sg061-01-000-000,sgit-st079-01-000-000,sgit-st080-01-000-000,sgit-st083-01-000-000","16p13.3","PI3K","Del"
"NPRL3","Ewing's Sarcoma","PRIMARY","sarc-sg050-01-000-000,sarc-sg061-01-000-000,sgit-st052-01-000-000,sgit-st079-01-000-000,sgit-st080-01-000-000,sgit-st083-01-000-000,sgit-st110-01-000-000","16q24.3","PI3K","Del"
"PIK3R3","Ewing's Sarcoma","PRIMARY","sgit-st079-01-000-000,sgit-st080-01-000-000,sgit-st083-01-000-000","1p36.33","PI3K","Del"
"RPS6","Ewing's Sarcoma","PRIMARY","sgit-st079-01-000-000,sgit-st080-01-000-000","9q34.13","PI3K","Del"
"TSC1","Ewing's Sarcoma","PRIMARY","sgit-st079-01-000-000,sgit-st080-01-000-000","9q34.13","PI3K","Del"
"TSC2","Ewing's Sarcoma","PRIMARY","sarc-sg061-01-000-000,sgit-st079-01-000-000,sgit-st080-01-000-000,sgit-st083-01-000-000","16p13.3","PI3K","Del"
"TSC2","Ewing's Sarcoma","PRIMARY","sarc-sg050-01-000-000,sarc-sg061-01-000-000,sgit-st052-01-000-000,sgit-st079-01-000-000,sgit-st080-01-000-000,sgit-st083-01-000-000,sgit-st110-01-000-000","16q24.3","PI3K","Del"
"TSC2","Ewing's Sarcoma","PRIMARY","sarc-sg061-01-000-000,sgit-st079-01-000-000,sgit-st080-01-000-000,sgit-st083-01-000-000","16p13.3","PI3K","Del"
"TSC2","Ewing's Sarcoma","PRIMARY","sarc-sg050-01-000-000,sarc-sg061-01-000-000,sgit-st052-01-000-000,sgit-st079-01-000-000,sgit-st080-01-000-000,sgit-st083-01-000-000,sgit-st110-01-000-000","16q24.3","PI3K","Del"
"ABL1","Ewing's Sarcoma","PRIMARY","sgit-st079-01-000-000,sgit-st080-01-000-000","9q34.13","RTK-RAS","Del"
"CBL","Ewing's Sarcoma","PRIMARY","sgit-st079-01-000-000,sgit-st080-01-000-000,sgit-st083-01-000-000","11p15.5","RTK-RAS","Del"
"DAB2IP","Ewing's Sarcoma","PRIMARY","sgit-st079-01-000-000,sgit-st080-01-000-000","9q34.13","RTK-RAS","Del"
"EGFR","Ewing's Sarcoma","PRIMARY","sarc-sg061-01-000-000,sgit-st021-01-000-000,sgit-st079-01-000-000,sgit-st080-01-000-000,sgit-st083-01-000-000","7p22.2","RTK-RAS","Del"
"ERRFI1","Ewing's Sarcoma","PRIMARY","sgit-st079-01-000-000,sgit-st080-01-000-000,sgit-st083-01-000-000","1p36.33","RTK-RAS","Del"
"HRAS","Ewing's Sarcoma","PRIMARY","sgit-st079-01-000-000,sgit-st080-01-000-000,sgit-st083-01-000-000","11p15.5","RTK-RAS","Del"
"ICMT","Ewing's Sarcoma","PRIMARY","sgit-st079-01-000-000,sgit-st080-01-000-000,sgit-st083-01-000-000","1p36.33","RTK-RAS","Del"
"JAK2","Ewing's Sarcoma","PRIMARY","sgit-st079-01-000-000,sgit-st080-01-000-000","9q34.13","RTK-RAS","Del"
"KSR2","Ewing's Sarcoma","PRIMARY","sgit-st027-01-000-000,sgit-st035-01-000-000,sgit-st052-01-000-000,sgit-st080-01-000-000,sgit-st091-01-000-000,sgit-st099-01-000-000,sgit-st116-01-000-000","12q24.31","RTK-RAS","Amp"
"MAPK3","Ewing's Sarcoma","PRIMARY","sarc-sg061-01-000-000,sgit-st079-01-000-000,sgit-st080-01-000-000,sgit-st083-01-000-000","16p13.3","RTK-RAS","Del"
"MAPK3","Ewing's Sarcoma","PRIMARY","sarc-sg050-01-000-000,sarc-sg061-01-000-000,sgit-st052-01-000-000,sgit-st079-01-000-000,sgit-st080-01-000-000,sgit-st083-01-000-000,sgit-st110-01-000-000","16q24.3","RTK-RAS","Del"
"MAPK3","Ewing's Sarcoma","PRIMARY","sarc-sg061-01-000-000,sgit-st079-01-000-000,sgit-st080-01-000-000,sgit-st083-01-000-000","16p13.3","RTK-RAS","Del"
"MAPK3","Ewing's Sarcoma","PRIMARY","sarc-sg050-01-000-000,sarc-sg061-01-000-000,sgit-st052-01-000-000,sgit-st079-01-000-000,sgit-st080-01-000-000,sgit-st083-01-000-000,sgit-st110-01-000-000","16q24.3","RTK-RAS","Del"
"NTRK2","Ewing's Sarcoma","PRIMARY","sgit-st079-01-000-000,sgit-st080-01-000-000","9q34.13","RTK-RAS","Del"
"PEBP1","Ewing's Sarcoma","PRIMARY","sgit-st027-01-000-000,sgit-st035-01-000-000,sgit-st052-01-000-000,sgit-st080-01-000-000,sgit-st091-01-000-000,sgit-st099-01-000-000,sgit-st116-01-000-000","12q24.31","RTK-RAS","Amp"
"PIN1","Ewing's Sarcoma","PRIMARY","sarc-sg050-01-000-000,sarc-sg061-01-000-000,sgit-st021-01-000-000,sgit-st033-01-000-000,sgit-st052-01-000-000,sgit-st079-01-000-000,sgit-st080-01-000-000,sgit-st083-01-000-000,sgit-st099-01-000-000","19p13.2","RTK-RAS","Del"
"PPP1CA","Ewing's Sarcoma","PRIMARY","sgit-st079-01-000-000,sgit-st080-01-000-000,sgit-st083-01-000-000","11p15.5","RTK-RAS","Del"
"PTPN11","Ewing's Sarcoma","PRIMARY","sgit-st027-01-000-000,sgit-st035-01-000-000,sgit-st052-01-000-000,sgit-st080-01-000-000,sgit-st091-01-000-000,sgit-st099-01-000-000,sgit-st116-01-000-000","12q24.31","RTK-RAS","Amp"
"RAC1","Ewing's Sarcoma","PRIMARY","sarc-sg061-01-000-000,sgit-st021-01-000-000,sgit-st079-01-000-000,sgit-st080-01-000-000,sgit-st083-01-000-000","7p22.2","RTK-RAS","Del"
"RAPGEF1","Ewing's Sarcoma","PRIMARY","sgit-st079-01-000-000,sgit-st080-01-000-000","9q34.13","RTK-RAS","Del"
"RASAL1","Ewing's Sarcoma","PRIMARY","sgit-st027-01-000-000,sgit-st035-01-000-000,sgit-st052-01-000-000,sgit-st080-01-000-000,sgit-st091-01-000-000,sgit-st099-01-000-000,sgit-st116-01-000-000","12q24.31","RTK-RAS","Amp"
"RASAL3","Ewing's Sarcoma","PRIMARY","sarc-sg050-01-000-000,sarc-sg061-01-000-000,sgit-st021-01-000-000,sgit-st033-01-000-000,sgit-st052-01-000-000,sgit-st079-01-000-000,sgit-st080-01-000-000,sgit-st083-01-000-000,sgit-st099-01-000-000","19p13.2","RTK-RAS","Del"
"RASGRP2","Ewing's Sarcoma","PRIMARY","sgit-st079-01-000-000,sgit-st080-01-000-000,sgit-st083-01-000-000","11p15.5","RTK-RAS","Del"
"RCE1","Ewing's Sarcoma","PRIMARY","sgit-st079-01-000-000,sgit-st080-01-000-000,sgit-st083-01-000-000","11p15.5","RTK-RAS","Del"
"SHC3","Ewing's Sarcoma","PRIMARY","sgit-st079-01-000-000,sgit-st080-01-000-000","9q34.13","RTK-RAS","Del"
"TGFBR1","Ewing's Sarcoma","PRIMARY","sgit-st079-01-000-000,sgit-st080-01-000-000","9q34.13","TGF-Beta","Del"
"ATM","Ewing's Sarcoma","PRIMARY","sgit-st079-01-000-000,sgit-st080-01-000-000,sgit-st083-01-000-000","11p15.5","TP53","Del"
"AXIN1","Ewing's Sarcoma","PRIMARY","sarc-sg061-01-000-000,sgit-st079-01-000-000,sgit-st080-01-000-000,sgit-st083-01-000-000","16p13.3","WNT","Del"
"AXIN1","Ewing's Sarcoma","PRIMARY","sarc-sg050-01-000-000,sarc-sg061-01-000-000,sgit-st052-01-000-000,sgit-st079-01-000-000,sgit-st080-01-000-000,sgit-st083-01-000-000,sgit-st110-01-000-000","16q24.3","WNT","Del"
"AXIN1","Ewing's Sarcoma","PRIMARY","sarc-sg061-01-000-000,sgit-st079-01-000-000,sgit-st080-01-000-000,sgit-st083-01-000-000","16p13.3","WNT","Del"
"AXIN1","Ewing's Sarcoma","PRIMARY","sarc-sg050-01-000-000,sarc-sg061-01-000-000,sgit-st052-01-000-000,sgit-st079-01-000-000,sgit-st080-01-000-000,sgit-st083-01-000-000,sgit-st110-01-000-000","16q24.3","WNT","Del"
"DVL1","Ewing's Sarcoma","PRIMARY","sgit-st079-01-000-000,sgit-st080-01-000-000,sgit-st083-01-000-000","1p36.33","WNT","Del"
"FZD1","Ewing's Sarcoma","PRIMARY","sarc-sg061-01-000-000,sgit-st021-01-000-000,sgit-st079-01-000-000,sgit-st080-01-000-000,sgit-st083-01-000-000","7p22.2","WNT","Del"
"FZD10","Ewing's Sarcoma","PRIMARY","sgit-st027-01-000-000,sgit-st035-01-000-000,sgit-st052-01-000-000,sgit-st080-01-000-000,sgit-st091-01-000-000,sgit-st099-01-000-000,sgit-st116-01-000-000","12q24.31","WNT","Amp"
"FZD4","Ewing's Sarcoma","PRIMARY","sgit-st079-01-000-000,sgit-st080-01-000-000,sgit-st083-01-000-000","11p15.5","WNT","Del"
"FZD9","Ewing's Sarcoma","PRIMARY","sarc-sg061-01-000-000,sgit-st021-01-000-000,sgit-st079-01-000-000,sgit-st080-01-000-000,sgit-st083-01-000-000","7p22.2","WNT","Del"
"LGR4","Ewing's Sarcoma","PRIMARY","sgit-st079-01-000-000,sgit-st080-01-000-000,sgit-st083-01-000-000","11p15.5","WNT","Del"
"LRP5","Ewing's Sarcoma","PRIMARY","sgit-st079-01-000-000,sgit-st080-01-000-000,sgit-st083-01-000-000","11p15.5","WNT","Del"
"RSPO1","Ewing's Sarcoma","PRIMARY","sgit-st079-01-000-000,sgit-st080-01-000-000,sgit-st083-01-000-000","1p36.33","WNT","Del"
"SFRP4","Ewing's Sarcoma","PRIMARY","sarc-sg061-01-000-000,sgit-st021-01-000-000,sgit-st079-01-000-000,sgit-st080-01-000-000,sgit-st083-01-000-000","7p22.2","WNT","Del"
"TLE1","Ewing's Sarcoma","PRIMARY","sgit-st079-01-000-000,sgit-st080-01-000-000","9q34.13","WNT","Del"
"TLE4","Ewing's Sarcoma","PRIMARY","sgit-st079-01-000-000,sgit-st080-01-000-000","9q34.13","WNT","Del"
"WNT11","Ewing's Sarcoma","PRIMARY","sgit-st079-01-000-000,sgit-st080-01-000-000,sgit-st083-01-000-000","11p15.5","WNT","Del"
"WNT4","Ewing's Sarcoma","PRIMARY","sgit-st079-01-000-000,sgit-st080-01-000-000,sgit-st083-01-000-000","1p36.33","WNT","Del"
"MGA","Ewing's Sarcoma","METASTASIS","sgit-st061-01-000-000,sgit-st084-01-000-000","15q13.3","MYC","Del"
"DLL4","Ewing's Sarcoma","METASTASIS","sgit-st061-01-000-000,sgit-st084-01-000-000","15q13.3","NOTCH","Del"
"DNER","Ewing's Sarcoma","METASTASIS","sarc-sg054-01-000-000,sarc-sg054-01-000-200,sgit-st056-01-000-000,sgit-st061-01-000-000,sgit-st068-01-000-000,sgit-st084-01-000-000","2q37.1","NOTCH","Del"
"CUL3","Ewing's Sarcoma","METASTASIS","sarc-sg054-01-000-000,sarc-sg054-01-000-200,sgit-st056-01-000-000,sgit-st061-01-000-000,sgit-st068-01-000-000,sgit-st084-01-000-000","2q37.1","NRF2","Del"
"FNTA","Ewing's Sarcoma","METASTASIS","sarc-sg048-01-000-000,sarc-sg054-01-000-200,sgit-st061-01-000-000,sgit-st084-01-000-000","8p11.21","RTK-RAS","Del"
"HRAS","Ewing's Sarcoma","METASTASIS","sgit-st036-01-000-000,sgit-st061-01-000-000,sgit-st084-01-000-000,sgit-st104-01-000-000","11p15.5","RTK-RAS","Del"
"IRS1","Ewing's Sarcoma","METASTASIS","sarc-sg054-01-000-000,sarc-sg054-01-000-200,sgit-st056-01-000-000,sgit-st061-01-000-000,sgit-st068-01-000-000,sgit-st084-01-000-000","2q37.1","RTK-RAS","Del"
"RASGRP1","Ewing's Sarcoma","METASTASIS","sgit-st061-01-000-000,sgit-st084-01-000-000","15q13.3","RTK-RAS","Del"
"SPRED1","Ewing's Sarcoma","METASTASIS","sgit-st061-01-000-000,sgit-st084-01-000-000","15q13.3","RTK-RAS","Del"
