"Hugo_Symbol","Tumor_Sample_Barcode","Variant_Classification","Variant_Type","Cytoband","key","cito","N_samples","total","Fract"
"MX1","sgit-st002-01-000-000","Amp","CNV","AP_1:21q22.3","Amp_AP_1:21q22.3","21q22.3",5,9,0.555555555555556
"TMPRSS2","sgit-st002-01-000-000","Amp","CNV","AP_1:21q22.3","Amp_AP_1:21q22.3","21q22.3",5,9,0.555555555555556
"C2CD2","sgit-st002-01-000-000","Amp","CNV","AP_1:21q22.3","Amp_AP_1:21q22.3","21q22.3",5,9,0.555555555555556
"LINC00112","sgit-st002-01-000-000","Amp","CNV","AP_1:21q22.3","Amp_AP_1:21q22.3","21q22.3",5,9,0.555555555555556
"LINC00111","sgit-st002-01-000-000","Amp","CNV","AP_1:21q22.3","Amp_AP_1:21q22.3","21q22.3",5,9,0.555555555555556
"RIPK4","sgit-st002-01-000-000","Amp","CNV","AP_1:21q22.3","Amp_AP_1:21q22.3","21q22.3",5,9,0.555555555555556
"PRDM15","sgit-st002-01-000-000","Amp","CNV","AP_1:21q22.3","Amp_AP_1:21q22.3","21q22.3",5,9,0.555555555555556
"LINC00479","sgit-st002-01-000-000","Amp","CNV","AP_1:21q22.3","Amp_AP_1:21q22.3","21q22.3",5,9,0.555555555555556
"MX1","sgit-st025-01-000-000","Amp","CNV","AP_1:21q22.3","Amp_AP_1:21q22.3","21q22.3",5,9,0.555555555555556
"TMPRSS2","sgit-st025-01-000-000","Amp","CNV","AP_1:21q22.3","Amp_AP_1:21q22.3","21q22.3",5,9,0.555555555555556
"C2CD2","sgit-st025-01-000-000","Amp","CNV","AP_1:21q22.3","Amp_AP_1:21q22.3","21q22.3",5,9,0.555555555555556
"LINC00112","sgit-st025-01-000-000","Amp","CNV","AP_1:21q22.3","Amp_AP_1:21q22.3","21q22.3",5,9,0.555555555555556
"LINC00111","sgit-st025-01-000-000","Amp","CNV","AP_1:21q22.3","Amp_AP_1:21q22.3","21q22.3",5,9,0.555555555555556
"RIPK4","sgit-st025-01-000-000","Amp","CNV","AP_1:21q22.3","Amp_AP_1:21q22.3","21q22.3",5,9,0.555555555555556
"PRDM15","sgit-st025-01-000-000","Amp","CNV","AP_1:21q22.3","Amp_AP_1:21q22.3","21q22.3",5,9,0.555555555555556
"LINC00479","sgit-st025-01-000-000","Amp","CNV","AP_1:21q22.3","Amp_AP_1:21q22.3","21q22.3",5,9,0.555555555555556
"MX1","sgit-st075-01-000-000","Amp","CNV","AP_1:21q22.3","Amp_AP_1:21q22.3","21q22.3",5,9,0.555555555555556
"TMPRSS2","sgit-st075-01-000-000","Amp","CNV","AP_1:21q22.3","Amp_AP_1:21q22.3","21q22.3",5,9,0.555555555555556
"C2CD2","sgit-st075-01-000-000","Amp","CNV","AP_1:21q22.3","Amp_AP_1:21q22.3","21q22.3",5,9,0.555555555555556
"LINC00112","sgit-st075-01-000-000","Amp","CNV","AP_1:21q22.3","Amp_AP_1:21q22.3","21q22.3",5,9,0.555555555555556
"LINC00111","sgit-st075-01-000-000","Amp","CNV","AP_1:21q22.3","Amp_AP_1:21q22.3","21q22.3",5,9,0.555555555555556
"RIPK4","sgit-st075-01-000-000","Amp","CNV","AP_1:21q22.3","Amp_AP_1:21q22.3","21q22.3",5,9,0.555555555555556
"PRDM15","sgit-st075-01-000-000","Amp","CNV","AP_1:21q22.3","Amp_AP_1:21q22.3","21q22.3",5,9,0.555555555555556
"LINC00479","sgit-st075-01-000-000","Amp","CNV","AP_1:21q22.3","Amp_AP_1:21q22.3","21q22.3",5,9,0.555555555555556
"MX1","sgit-st087-01-000-000","Amp","CNV","AP_1:21q22.3","Amp_AP_1:21q22.3","21q22.3",5,9,0.555555555555556
"TMPRSS2","sgit-st087-01-000-000","Amp","CNV","AP_1:21q22.3","Amp_AP_1:21q22.3","21q22.3",5,9,0.555555555555556
"C2CD2","sgit-st087-01-000-000","Amp","CNV","AP_1:21q22.3","Amp_AP_1:21q22.3","21q22.3",5,9,0.555555555555556
"LINC00112","sgit-st087-01-000-000","Amp","CNV","AP_1:21q22.3","Amp_AP_1:21q22.3","21q22.3",5,9,0.555555555555556
"LINC00111","sgit-st087-01-000-000","Amp","CNV","AP_1:21q22.3","Amp_AP_1:21q22.3","21q22.3",5,9,0.555555555555556
"RIPK4","sgit-st087-01-000-000","Amp","CNV","AP_1:21q22.3","Amp_AP_1:21q22.3","21q22.3",5,9,0.555555555555556
"PRDM15","sgit-st087-01-000-000","Amp","CNV","AP_1:21q22.3","Amp_AP_1:21q22.3","21q22.3",5,9,0.555555555555556
"LINC00479","sgit-st087-01-000-000","Amp","CNV","AP_1:21q22.3","Amp_AP_1:21q22.3","21q22.3",5,9,0.555555555555556
"MX1","sgit-st109-02-000-000","Amp","CNV","AP_1:21q22.3","Amp_AP_1:21q22.3","21q22.3",5,9,0.555555555555556
"TMPRSS2","sgit-st109-02-000-000","Amp","CNV","AP_1:21q22.3","Amp_AP_1:21q22.3","21q22.3",5,9,0.555555555555556
"C2CD2","sgit-st109-02-000-000","Amp","CNV","AP_1:21q22.3","Amp_AP_1:21q22.3","21q22.3",5,9,0.555555555555556
"LINC00112","sgit-st109-02-000-000","Amp","CNV","AP_1:21q22.3","Amp_AP_1:21q22.3","21q22.3",5,9,0.555555555555556
"LINC00111","sgit-st109-02-000-000","Amp","CNV","AP_1:21q22.3","Amp_AP_1:21q22.3","21q22.3",5,9,0.555555555555556
"RIPK4","sgit-st109-02-000-000","Amp","CNV","AP_1:21q22.3","Amp_AP_1:21q22.3","21q22.3",5,9,0.555555555555556
"PRDM15","sgit-st109-02-000-000","Amp","CNV","AP_1:21q22.3","Amp_AP_1:21q22.3","21q22.3",5,9,0.555555555555556
"LINC00479","sgit-st109-02-000-000","Amp","CNV","AP_1:21q22.3","Amp_AP_1:21q22.3","21q22.3",5,9,0.555555555555556
